Sex,avg_distinct_per_1000,avg_pct_outside_top100
Girl,64.0265173558814,41.227322454874425
Boy,53.72371535232565,39.491693354999924
