location_status,n,share
Located,3564,0.19820922084422446
No coordinates,14417,0.8017907791557756
