holdout_accuracy,baseline_accuracy,n_train,n_test
0.8846153846153846,0.7928802588996764,231,78
